,AverageTemperature,Temp_5yr_RollingMean,CO2,Annual_Mean_Absolute,Annual_Median_Absolute,Annual_Std_Absolute
AverageTemperature,1.0,0.9985331066064805,,0.040849057842533884,0.04048247053669913,-0.0022627073206365343
Temp_5yr_RollingMean,0.9985331066064805,1.0,,0.03693545364887414,0.03650176247031914,-0.0035141763873162636
CO2,,,,,,
Annual_Mean_Absolute,0.040849057842533884,0.03693545364887414,,1.0,0.9977372974678245,-0.08631828516752126
Annual_Median_Absolute,0.04048247053669913,0.03650176247031914,,0.9977372974678245,1.0,-0.0888982495197308
Annual_Std_Absolute,-0.0022627073206365343,-0.0035141763873162636,,-0.08631828516752126,-0.0888982495197308,1.0
