Metric,Value
R-squared,0.7653204904456123
MSE,0.03744970606439689
RMSE,0.1935192653572168
