,AverageTemperature,Temp_5yr_RollingMean,CO2,Annual_Mean_Absolute,Annual_Median_Absolute,Annual_Std_Absolute
AverageTemperature,1.0,0.9985331066064774,,0.040849057842525016,0.04048247053669041,-0.0022627073206354016
Temp_5yr_RollingMean,0.9985331066064774,1.0,,0.03693545364887918,0.036501762470324474,-0.003514176387315631
CO2,,,,,,
Annual_Mean_Absolute,0.040849057842525016,0.03693545364887918,,1.0,0.9977372974678247,-0.08631828516752116
Annual_Median_Absolute,0.04048247053669041,0.036501762470324474,,0.9977372974678247,1.0,-0.08889824951973102
Annual_Std_Absolute,-0.0022627073206354016,-0.003514176387315631,,-0.08631828516752116,-0.08889824951973102,1.0
